Employee;Date;Classification;Hours
Miguel Alvarez;2026-09-07;Electricians Inside Wireman;8,0
Miguel Alvarez;2026-09-08;Electricians Inside Wireman;8,0
Miguel Alvarez;2026-09-09;Electricians Inside Wireman;8,0
Miguel Alvarez;2026-09-10;Electricians Inside Wireman;8,0
Miguel Alvarez;2026-09-11;Electricians Inside Wireman;7,5
David Chen;2026-09-07;Electricians Inside Wireman;8,0
David Chen;2026-09-08;Electricians Inside Wireman;8,0
David Chen;2026-09-09;Electricians Inside Wireman;9,25
David Chen;2026-09-10;Electricians Inside Wireman;8,0
David Chen;2026-09-11;Electricians Inside Wireman;7,5
Anna Rossi;2026-09-07;Electricians Inside Wireman;8,0
Anna Rossi;2026-09-08;Electricians Inside Wireman;8,0
Anna Rossi;2026-09-09;Electricians Inside Wireman;8,0
Anna Rossi;2026-09-10;Electricians Inside Wireman;8,0
Anna Rossi;2026-09-11;Electricians Inside Wireman;7,5
José Peña;2026-09-07;Electricians Inside Wireman;8,0
José Peña;2026-09-08;Electricians Inside Wireman;8,0
José Peña;2026-09-09;Electricians Inside Wireman;8,0
José Peña;2026-09-10;Electricians Inside Wireman;8,0
José Peña;2026-09-11;Electricians Inside Wireman;7,5
